model;masa;rok_produkcji;rynek;dlugosc;wysokosc;szerokosc;liczba_drzwi;bagaznik;nadwozie
Abarth 500 1.4 T-Jet;1035;2008;Europa;3657;1485;1627;3;185;Hatchback
Abarth Grande Punto 1.4 T-Jet;1185;2007;Europa;4041;1490;1726;3;275;Hatchback
Alfa Romeo 147 1.9 JTD;1270;2000;Europa;4170;1442;1729;5;280;Hatchback
Alfa Romeo 156 1.9 JTD;1305;1997;Europa;4430;1415;1745;4;378;Sedan
Alfa Romeo 156 Sportwagon 1.9 JTD;1345;2000;Europa;4430;1420;1745;5;360;Kombi
Alfa Romeo 159 1.9 JTDM;1535;2005;Europa;4660;1417;1828;4;405;Sedan
Alfa Romeo 159 Sedan 1.9 JTDm;1490;2005;Europa;4660;1417;1828;4;405;Sedan
Alfa Romeo 159 Sportwagon 1.9 JTDM;1590;2006;Europa;4660;1422;1828;5;445;Kombi
Alfa Romeo Giulia 2.0 Turbo;1429;2016;Europa;4643;1411;1860;4;480;Sedan
Alfa Romeo Giulia 2.0 Turbo;1429;2016;Europa;4643;1436;1860;4;480;Sedan
Alfa Romeo Giulietta 1.6 JTDM;1310;2010;Europa;4351;1465;1798;5;350;Hatchback
Alfa Romeo Mito 1.4 TB;1145;2008;Europa;4063;1446;1720;3;270;Hatchback
Alfa Romeo Stelvio 2.0 Turbo AWD;1660;2016;Europa;4687;1671;1903;5;525;SUV
Alfa Romeo Stelvio 2.0 Turbo AWD;1660;2016;Europa;4687;1671;1903;5;525;SUV
Alpine A110;1103;2017;Europa;4180;1252;1798;2;100;Coupe
Alpine A110 Pure;1098;2017;Europa;4180;1252;1798;2;196;Coupe
Aston Martin DBX 4.0 V8;2245;2020;Europa;5039;1680;1998;5;632;SUV
Audi A2 1.4 TDI;990;1999;Europa;3826;1553;1673;5;390;Hatchback
Audi A3 I 1.9 TDI;1210;1996;Europa;4152;1427;1735;3;350;Hatchback
Audi A3 II Sportback 2.0 TDI;1380;2004;Europa;4286;1423;1765;5;370;Hatchback
Audi A3 IV Limousine 35 TFSI;1285;2020;Europa;4495;1425;1816;4;425;Sedan
Audi A3 IV Sportback 35 TFSI;1280;2020;Europa;4343;1449;1816;5;380;Hatchback
Audi A4 B5 Avant 1.9 TDI;1315;1995;Europa;4478;1417;1733;5;390;Kombi
Audi A4 B6 1.9 TDI;1390;2000;Europa;4547;1428;1766;4;445;Sedan
Audi A4 B6 Avant 1.9 TDI;1455;2001;Europa;4544;1428;1772;5;442;Kombi
Audi A4 B7 2.0 TDI;1430;2004;Europa;4586;1427;1772;4;460;Sedan
Audi A4 B8 2.0 TDI Sedan;1475;2007;Europa;4703;1427;1826;4;480;Sedan
Audi A4 B8 Avant 2.0 TDI;1530;2008;Europa;4703;1436;1826;5;490;Kombi
Audi A4 B9 2.0 TDI;1430;2015;Europa;4726;1427;1842;4;480;Sedan
Audi A5 II Coupe 40 TFSI;1490;2016;Europa;4673;1371;1846;2;450;Coupe
Audi A6 C5 1.9 TDI;1470;1997;Europa;4796;1453;1810;4;551;Sedan
Audi A6 C6 Avant 3.0 TDI Quattro;1825;2004;Europa;4933;1463;1855;5;565;Kombi
Audi A6 C7 Avant 2.0 TDI;1640;2011;Europa;4943;1461;1874;5;565;Kombi
Audi A6 C8 40 TDI Sedan;1645;2018;Europa;4939;1457;1886;4;530;Sedan
Audi A6 C8 Avant 40 TDI;1710;2018;Europa;4939;1467;1886;5;565;Kombi
Audi A8 D2 2.5 TDI;1595;1994;Europa;5034;1440;1880;4;525;Sedan
Audi A8 D3 3.0 TDI;1830;2002;Europa;5062;1444;1894;4;500;Sedan
Audi A8 D5 50 TDI Quattro;2050;2017;Europa;5172;1473;1945;4;505;Sedan
Audi A8 D5 50 TDI quattro;2050;2017;Europa;5172;1473;1945;4;505;Sedan
Audi Coupé B3 2.3 20V;1280;1988;Europa;4365;1370;1715;2;298;Coupe
Audi e-tron 55 Quattro;2490;2018;Europa;4901;1616;1935;5;660;SUV
Audi e-tron GT quattro;2276;2021;Europa;4989;1413;1964;4;405;Sedan
Audi Q3 II 35 TDI;1580;2018;Europa;4484;1616;1849;5;530;SUV
Audi Q5 I 2.0 TDI;1745;2008;Europa;4629;1653;1880;5;540;SUV
Audi Q5 II 40 TDI;1845;2016;Europa;4663;1659;1893;5;550;SUV
Audi Q5 II 40 TDI;1770;2017;Europa;4663;1659;1893;5;550;SUV
Audi Q7 I 3.0 TDI;2295;2005;Europa;5086;1737;1983;5;775;SUV
Audi Q7 I 4.2 TDI;2450;2007;Europa;5086;1737;1983;5;775;SUV
Audi Q7 II 50 TDI;2165;2015;Europa;5063;1741;1970;5;865;SUV
Audi Q7 II 50 TDI;2165;2019;Europa;5063;1741;1970;5;865;SUV
Audi Q8 50 TDI;2145;2018;Europa;4986;1705;1995;5;605;SUV
Audi Q8 e-tron 55;2510;2022;Europa;4915;1633;1937;5;569;SUV
Audi R8 II V10 Performance;1595;2018;Europa;4426;1240;1940;2;112;Coupe
Audi R8 V10 Coupe Performance;1595;2018;Europa;4429;1236;1940;2;112;Coupe
Audi RS4 B5 Avant 2.7 BiTurbo;1620;2000;Europa;4525;1386;1799;5;390;Kombi
Audi RS5 B9 Coupe;1707;2017;Europa;4723;1360;1861;2;410;Coupe
Audi RS6 Avant C8 4.0 TFSI;2075;2019;Europa;4995;1460;1951;5;565;Kombi
Audi RS6 C8 Avant;2075;2019;Europa;4995;1460;1951;5;565;Kombi
Audi S3 (8V) Sportback 2.0 TFSI;1445;2013;Europa;4324;1404;1785;5;340;Hatchback
Audi S4 B5 2.7 Biturbo;1510;1997;Europa;4483;1415;1733;4;440;Sedan
Audi S4 B6 4.2 V8;1660;2003;Europa;4575;1415;1772;4;445;Sedan
Audi TT (8N) Coupe 1.8 T;1280;1998;Europa;4041;1345;1764;2;270;Coupe
Audi TT (8S) Coupe 2.0 TFSI;1260;2014;Europa;4177;1353;1832;2;305;Coupe
BAIC Beijing 5 1.5T;1550;2022;Azja;4620;1618;1886;5;350;SUV
Bentley Continental GT 6.0 W12;2350;2003;Europa;4804;1390;1918;2;370;Coupe
Bentley Flying Spur III 6.0 W12;2437;2019;Europa;5316;1483;1978;4;420;Sedan
BMW 318is E36 Coupe;1240;1992;Europa;4433;1366;1710;2;405;Coupe
BMW 320d E46;1390;2001;Europa;4471;1415;1739;4;440;Sedan
BMW 320d E90;1430;2005;Europa;4520;1421;1817;4;460;Sedan
BMW 320d F30;1420;2011;Europa;4624;1429;1811;4;480;Sedan
BMW 320d Touring E46;1505;1999;Europa;4478;1409;1739;5;435;Kombi
BMW 320i G20;1500;2018;Europa;4709;1435;1827;4;480;Sedan
BMW 420i Coupe G22;1525;2020;Europa;4768;1383;1852;2;440;Coupe
BMW 520d E39;1565;2000;Europa;4775;1435;1800;4;460;Sedan
BMW 520d F11 Touring;1715;2010;Europa;4907;1462;1860;5;560;Kombi
BMW 520d G30;1635;2016;Europa;4936;1479;1868;4;530;Sedan
BMW 530d E60;1595;2003;Europa;4841;1468;1846;4;520;Sedan
BMW 530d E61 Touring;1690;2004;Europa;4843;1491;1846;5;500;Kombi
BMW 730d E38;1830;1998;Europa;4984;1435;1862;4;500;Sedan
BMW 730d E65;1900;2001;Europa;5029;1492;1902;4;500;Sedan
BMW 740i G70;2075;2022;Europa;5391;1544;1950;4;540;Sedan
BMW i3 120 Ah;1270;2013;Europa;4011;1577;1775;5;260;Hatchback
BMW i4 eDrive40;2050;2021;Europa;4783;1448;1852;5;470;Sedan
BMW i4 eDrive40;2050;2021;Europa;4783;1448;1852;5;470;Hatchback
BMW i7 xDrive60;2640;2022;Europa;5391;1544;1950;4;500;Sedan
BMW iX xDrive50;2510;2021;Europa;4953;1695;1967;5;500;SUV
BMW M135i F20 3.0;1430;2012;Europa;4340;1411;1765;5;360;Hatchback
BMW M3 E36 3.2;1440;1995;Europa;4433;1365;1710;2;405;Coupe
BMW M3 E46 3.2;1495;2000;Europa;4492;1372;1780;2;410;Coupe
BMW M4 Coupe G82;1700;2020;Europa;4794;1393;1887;2;440;Coupe
BMW M4 G82 Coupe;1700;2020;Europa;4794;1393;1887;2;440;Coupe
BMW M5 E39 4.9 V8;1720;1998;Europa;4784;1412;1800;4;460;Sedan
BMW M5 F90 Competition;1895;2018;Europa;4983;1469;1903;4;530;Sedan
BMW Seria 2 Gran Coupe 218i;1350;2020;Europa;4526;1420;1800;4;430;Coupe
BMW Seria 3 G20 320d;1450;2018;Europa;4709;1435;1827;4;480;Sedan
BMW Seria 5 G31 Touring 520d;1735;2017;Europa;4942;1498;1868;5;570;Kombi
BMW Seria 6 E63 Coupe 630i;1490;2004;Europa;4820;1373;1855;2;450;Coupe
BMW Seria 7 G70 740d xDrive;2180;2022;Europa;5391;1544;1950;4;540;Sedan
BMW Serii 1 F40 118i Hatchback;1320;2019;Europa;4319;1434;1799;5;380;Hatchback
BMW Serii 2 Active Tourer F45 218i;1360;2014;Europa;4342;1555;1800;5;468;Hatchback
BMW X1 E84 20d;1575;2009;Europa;4454;1545;1798;5;420;SUV
BMW X3 E83 2.0d;1745;2003;Europa;4565;1674;1853;5;480;SUV
BMW X3 G01 20d;1750;2017;Europa;4708;1676;1891;5;550;SUV
BMW X3 G01 xDrive20d;1750;2017;Europa;4708;1676;1891;5;550;SUV
BMW X5 E53 3.0d;2105;2001;Europa;4667;1715;1872;5;465;SUV
BMW X5 E53 3.0d;2105;1999;Europa;4667;1715;1872;5;465;SUV
BMW X5 E70 3.0d;2150;2006;Europa;4854;1766;1933;5;620;SUV
BMW X5 G05 xDrive30d;2185;2018;Europa;4922;1745;2004;5;650;SUV
BMW X6 G06 xDrive30d;2110;2019;Europa;4935;1696;2004;5;580;SUV
BMW X7 G07 xDrive30d;2370;2019;Europa;5151;1805;2000;5;326;SUV
BMW Z3 Coupe 3.0i;1330;2000;Europa;4025;1305;1740;3;210;Coupe
BMW Z4 G29 M40i;1555;2018;Europa;4324;1304;1864;2;281;Coupe
Cadillac CTS I 3.2 V6;1620;2002;USA;4828;1440;1793;4;420;Sedan
Cadillac Escalade IV 6.2 V8;2641;2014;USA;5179;1890;2045;5;725;SUV
Cadillac Lyriq AWD;2520;2022;USA;4996;1623;1977;5;793;SUV
Cadillac Seville V 4.6 V8;1810;1997;USA;5105;1420;1905;4;445;Sedan
Chevrolet Aveo I Hatchback 1.2;997;2003;USA;3880;1495;1670;5;220;Hatchback
Chevrolet Aveo I Sedan 1.4 16V;1030;2003;USA;4235;1495;1670;4;320;Sedan
Chevrolet Aveo T250 1.2;1030;2006;USA;4310;1505;1710;4;400;Sedan
Chevrolet Camaro VI SS 6.2 V8;1671;2015;USA;4784;1340;1897;2;257;Coupe
Chevrolet Corvette C6 Coupe 6.0;1461;2004;USA;4435;1245;1844;2;634;Coupe
Chevrolet Corvette C8 Stingray;1530;2020;USA;4630;1234;1933;2;357;Coupe
Chevrolet Lacetti 1.4 16V;1170;2004;USA;4295;1445;1725;5;275;Hatchback
Chevrolet Silverado II 5.3 V8;2400;2006;USA;5842;1874;2032;4;1700;SUV
Chevrolet Spark III 1.0;864;2009;USA;3640;1522;1597;5;170;Hatchback
Chevrolet Spark M300 1.0;864;2009;USA;3595;1522;1597;5;170;Hatchback
Chevrolet Tahoe II 5.3 V8;2300;1999;USA;5052;1960;2004;5;460;SUV
Chevrolet Tahoe V 5.3 V8;2483;2020;USA;5352;1925;2058;5;722;SUV
Chrysler 300C I 3.5 V6;1740;2004;USA;4999;1483;1881;4;504;Sedan
Chrysler 300C II 5.7 HEMI;1965;2011;USA;5044;1485;1902;4;462;Sedan
Chrysler Crossfire 3.2 V6;1388;2003;USA;4059;1305;1765;2;215;Coupe
Chrysler Grand Voyager IV 2.8 CRD;2055;2004;USA;5096;1752;1997;5;900;SUV
Chrysler Pacifica I 3.5 V6;2030;2003;USA;5052;1688;2014;5;369;SUV
Chrysler PT Cruiser 2.2 CRD;1515;2000;USA;4288;1601;1704;5;520;Hatchback
Chrysler Voyager III 2.5 TD;1820;1995;USA;4733;1740;1950;5;450;SUV
Chrysler Voyager IV 2.5 CRD;1915;2001;USA;4803;1750;1997;5;660;SUV
Citroen AX 1.0;640;1986;Europa;3497;1355;1555;5;273;Hatchback
Citroen AX Sport 1.3;715;1987;Europa;3497;1355;1555;3;273;Hatchback
Citroen Berlingo I 1.9 D;1245;1996;Europa;4108;1802;1719;5;624;Kombi
Citroen Berlingo I FL 1.6 HDi;1245;2002;Europa;4137;1819;1724;5;624;Kombi
Citroen Berlingo II 1.6 HDi;1407;2008;Europa;4380;1801;1810;5;675;Kombi
Citroen Berlingo III XL 1.5 BlueHDi;1430;2018;Europa;4753;1849;1848;5;850;Kombi
Citroen C1 I 1.0;790;2005;Europa;3435;1465;1630;5;139;Hatchback
Citroen C1 I 1.0;800;2005;Europa;3435;1465;1630;5;139;Hatchback
Citroen C2 1.4 HDi;996;2003;Europa;3666;1461;1659;3;193;Hatchback
Citroen C3 I 1.4 HDi;1022;2002;Europa;3850;1519;1667;5;305;Hatchback
Citroen C3 II 1.4 VTi;1075;2009;Europa;3941;1524;1728;5;300;Hatchback
Citroen C3 III 1.2 PureTech;1051;2016;Europa;3996;1474;1749;5;300;Hatchback
Citroen C3 III 1.2 PureTech;975;2016;Europa;3996;1474;1749;5;300;Hatchback
Citroen C4 Cactus 1.2 PureTech;1020;2014;Europa;4157;1480;1729;5;348;Hatchback
Citroen C4 Grand Picasso I 1.6 HDi;1539;2006;Europa;4590;1710;1830;5;576;Kombi
Citroen C4 I 1.6 HDi;1255;2004;Europa;4260;1458;1773;5;320;Hatchback
Citroen C4 II 1.6 BlueHDi;1200;2010;Europa;4329;1489;1789;5;408;Hatchback
Citroen C4 Picasso I 1.6 HDi;1489;2006;Europa;4470;1660;1830;5;500;Kombi
Citroen C5 I 2.0 HDi;1410;2001;Europa;4618;1476;1770;5;456;Hatchback
Citroen C5 I Liftback 2.0 HDi;1385;2001;Europa;4618;1476;1770;5;456;Hatchback
Citroen C5 II 2.0 HDi;1608;2008;Europa;4779;1451;1860;4;439;Sedan
Citroen C5 II Sedan 2.0 HDi;1520;2008;Europa;4779;1451;1860;4;439;Sedan
Citroen Jumpy I 2.0 HDi;1492;1996;Europa;4440;1940;1844;4;850;Kombi
Citroen Saxo 1.5 D;905;1996;Europa;3718;1379;1595;5;280;Hatchback
Citroen Xantia 2.0 HDi;1361;1993;Europa;4444;1380;1755;5;480;Hatchback
Citroen Xsara 2.0 HDi;1171;1997;Europa;4188;1405;1698;5;408;Hatchback
Citroen Xsara Break 2.0 HDi;1235;2000;Europa;4369;1420;1705;5;517;Kombi
Citroen Xsara I Hatchback 1.9 D;1141;1997;Europa;4167;1405;1698;5;408;Hatchback
Citroen Xsara II Hatchback 2.0 HDi;1190;2000;Europa;4188;1405;1705;5;408;Hatchback
Citroen Xsara Picasso 2.0 HDi;1300;1999;Europa;4276;1637;1751;5;550;Kombi
Citroen Xsara Picasso 2.0 HDi;1300;1999;Europa;4276;1637;1751;5;550;Kombi
Cupra Formentor 2.0 TSI AWD;1569;2020;Europa;4450;1511;1839;5;420;SUV
Dacia Dokker 1.5 dCi;1205;2012;Europa;4363;1814;1751;5;800;Kombi
Dacia Duster I 1.5 dCi AWD;1294;2010;Europa;4315;1625;1822;5;408;SUV
Dacia Duster II 1.3 TCe;1234;2017;Europa;4341;1693;1804;5;445;SUV
Dacia Duster II 1.3 TCe;1234;2018;Europa;4341;1693;1804;5;445;SUV
Dacia Jogger TCe 110 (7 os.);1265;2022;Europa;4547;1632;1784;5;160;Kombi
Dacia Logan I 1.5 dCi;980;2004;Europa;4247;1534;1742;4;510;Sedan
Dacia Logan MCV I 1.5 dCi;1165;2006;Europa;4450;1640;1740;5;700;Kombi
Dacia Sandero I 1.5 dCi;1045;2008;Europa;4020;1534;1746;5;320;Hatchback
Dacia Sandero III 1.0 TCe;1052;2020;Europa;4088;1499;1848;5;328;Hatchback
Dacia Sandero Stepway III;1100;2020;Europa;4099;1535;1784;5;328;Hatchback
Dacia Sandero Stepway III 1.0 TCe;1077;2020;Europa;4099;1535;1848;5;328;SUV
Daewoo Kalos 1.4;1005;2002;Azja;3880;1495;1670;5;220;Hatchback
Daewoo Lanos 1.5;1014;1997;Azja;4074;1432;1678;5;250;Hatchback
Daewoo Lanos 1.5 16V;1021;1997;Azja;4074;1432;1678;5;250;Hatchback
Daewoo Matiz 0.8;778;1998;Azja;3495;1485;1495;5;155;Hatchback
Daewoo Nubira I 1.6 16V;1215;1997;Azja;4467;1430;1700;4;434;Sedan
Daihatsu Sirion II 1.3;940;2005;Azja;3600;1550;1665;5;225;Hatchback
Daihatsu Terios I 1.3 16V;1040;1997;Azja;3845;1695;1555;5;205;SUV
Dodge Caliber 2.0 CRD;1425;2006;USA;4415;1535;1800;5;352;Hatchback
Dodge Challenger III R/T 5.7 HEMI;1833;2008;USA;5027;1448;1923;2;458;Coupe
Dodge Charger VII R/T;1941;2011;USA;5040;1478;1905;4;467;Sedan
Dodge Charger VII Scat Pack 392;1990;2015;USA;5100;1480;1905;4;467;Sedan
Dodge Ram III 1500 5.7 HEMI;2450;2002;USA;5784;1950;2029;4;1600;SUV
DS 7 Crossback 1.6 PureTech;1420;2017;Europa;4570;1620;1895;5;555;SUV
Ferrari F8 Tributo;1435;2019;Europa;4611;1206;1979;2;200;Coupe
Fiat 500 1.2;865;2007;Europa;3546;1488;1627;3;185;Hatchback
Fiat 500 1.2 Fire Hatchback;865;2007;Europa;3546;1488;1627;3;185;Hatchback
Fiat Albea 1.4;1045;2002;Europa;4186;1490;1703;4;515;Sedan
Fiat Bravo II 1.9 Multijet;1320;2007;Europa;4336;1498;1792;5;400;Hatchback
Fiat Coupé 2.0 20V Turbo;1310;1996;Europa;4250;1340;1768;2;295;Coupe
Fiat Doblo I 1.9 JTD;1345;2001;Europa;4159;1818;1714;5;750;Kombi
Fiat Doblo II 1.6 Multijet;1420;2010;Europa;4390;1845;1832;5;790;Kombi
Fiat Grande Punto 1.2;1015;2005;Europa;4030;1490;1687;5;275;Hatchback
Fiat Grande Punto 1.3 Multijet;1105;2005;Europa;4030;1490;1687;5;275;Hatchback
Fiat Grande Punto 1.4;1025;2005;Europa;4030;1490;1687;5;275;Hatchback
Fiat Linea 1.3 Multijet;1185;2007;Europa;4560;1494;1730;4;500;Sedan
Fiat Marea 1.9 JTD;1260;1996;Europa;4393;1420;1741;4;430;Sedan
Fiat Marea Weekend 1.9 JTD;1330;1996;Europa;4490;1510;1741;5;500;Kombi
Fiat Multipla I 1.9 JTD;1370;1998;Europa;3994;1670;1871;5;430;Kombi
Fiat Multipla II 1.9 Multijet;1410;2004;Europa;4080;1685;1871;5;430;Kombi
Fiat Panda I 1.0;700;1980;Europa;3380;1445;1460;3;272;Hatchback
Fiat Panda I 4x4 1.0;790;1983;Europa;3380;1460;1460;3;272;Hatchback
Fiat Panda II 1.2;860;2003;Europa;3538;1540;1578;5;206;Hatchback
Fiat Panda III 1.2;940;2011;Europa;3653;1551;1643;5;225;Hatchback
Fiat Punto Evo 1.2;1030;2009;Europa;4065;1490;1687;5;275;Hatchback
Fiat Punto Evo 1.3 Multijet;1145;2009;Europa;4065;1490;1687;5;275;Hatchback
Fiat Punto I 1.1;842;1993;Europa;3760;1450;1625;3;275;Hatchback
Fiat Punto II 1.2 16V;935;1999;Europa;3835;1480;1660;5;297;Hatchback
Fiat Punto II FL 1.2;860;2003;Europa;3865;1480;1660;3;264;Hatchback
Fiat Scudo I 2.0 JTD;1492;1996;Europa;4440;1940;1844;4;850;Kombi
Fiat Sedici 1.9 DDiS AWD;1350;2006;Europa;4115;1620;1755;5;270;SUV
Fiat Seicento 1.1;735;1998;Europa;3319;1440;1508;3;170;Hatchback
Fiat Siena 1.4;1015;1996;Europa;4135;1440;1618;4;500;Sedan
Fiat Stilo Multiwagon 1.9 JTD;1410;2002;Europa;4516;1570;1756;5;510;Kombi
Fiat Tipo II Hatchback 1.4 16V;1195;2015;Europa;4368;1495;1792;5;440;Hatchback
Fiat Tipo II Hatchback 1.4 16V;1195;2016;Europa;4368;1495;1792;5;440;Hatchback
Fiat Tipo II Sedan 1.4 16V;1150;2015;Europa;4532;1497;1792;4;520;Sedan
Fiat Ulysse I 2.0 JTD;1550;1994;Europa;4454;1714;1834;5;340;Kombi
Fiat Uno I 1.0;710;1983;Europa;3644;1432;1556;5;271;Hatchback
Fiat Uno I Turbo i.e.;845;1985;Europa;3644;1405;1556;3;271;Hatchback
Ford C-Max I 1.6 TDCi;1334;2003;Europa;4333;1595;1825;5;460;Kombi
Ford Explorer VI 3.0 EcoBoost PHEV;2441;2019;USA;5063;1783;2004;5;635;SUV
Ford F-150 XI 5.4 V8;2350;2003;USA;5364;1892;2004;4;1500;SUV
Ford F-150 XIV 3.5 EcoBoost SuperCrew;2240;2020;USA;5890;1960;2030;4;1495;SUV
Ford Fiesta Mk6 1.4 Duratorq TDCI;1025;2002;Europa;3918;1468;1683;5;284;Hatchback
Ford Fiesta Mk6 1.4 TDCi;1030;2002;Europa;3916;1468;1683;5;284;Hatchback
Ford Fiesta Mk6 ST 2.0 16V;1065;2005;Europa;3921;1468;1683;3;268;Hatchback
Ford Fiesta Mk7 1.25 Duratec;1045;2008;Europa;3950;1481;1722;5;295;Hatchback
Ford Fiesta Mk8 1.0 EcoBoost;1164;2017;Europa;4040;1476;1735;5;292;Hatchback
Ford Fiesta ST VIII 1.5 EcoBoost;1262;2018;Europa;4068;1469;1735;3;292;Hatchback
Ford Fiesta VII 1.0 EcoBoost;1164;2017;Europa;4040;1476;1735;5;292;Hatchback
Ford Fiesta VIII 1.0 EcoBoost;1136;2017;Europa;4040;1476;1735;5;292;Hatchback
Ford Focus III RS 2.3 EcoBoost;1524;2015;Europa;4390;1472;1823;5;260;Hatchback
Ford Focus IV ST 2.3 EcoBoost;1433;2019;Europa;4388;1454;1825;5;375;Hatchback
Ford Focus IV Turnier 1.0 EcoBoost;1308;2018;Europa;4668;1469;1825;5;608;Kombi
Ford Focus MK1 1.6 16V;1090;1998;Europa;4152;1430;1699;5;350;Hatchback
Ford Focus Mk1 RS;1280;2002;Europa;4183;1440;1702;3;350;Hatchback
Ford Focus Mk1 Sedan 1.6 16V;1090;1998;Europa;4362;1440;1702;4;490;Sedan
Ford Focus Mk1 Sedan 1.8 TDCi;1220;2001;Europa;4362;1440;1702;4;490;Sedan
Ford Focus Mk1 Turnier 1.8 DI;1205;1998;Europa;4438;1480;1702;5;520;Kombi
Ford Focus MK2 1.6 TDCi;1257;2004;Europa;4342;1497;1840;5;385;Hatchback
Ford Focus Mk2 Sedan 1.6 16V;1195;2004;Europa;4481;1497;1840;4;526;Sedan
Ford Focus Mk2 Sedan 1.6 TDCi;1270;2004;Europa;4481;1497;1840;4;526;Sedan
Ford Focus MK2 ST 2.5 Turbo;1392;2005;Europa;4362;1497;1840;5;385;Hatchback
Ford Focus Mk2 Turnier 1.6 TDCi;1291;2004;Europa;4468;1503;1839;5;475;Kombi
Ford Focus MK3 1.6 TDCi;1270;2011;Europa;4358;1484;1823;5;363;Hatchback
Ford Focus Mk3 RS 2.3 EcoBoost;1524;2015;Europa;4390;1472;1823;5;260;Hatchback
Ford Focus Mk4 Hatchback 1.0 EcoBoost;1245;2018;Europa;4378;1454;1825;5;375;Hatchback
Ford Focus Mk4 Kombi 1.0 EcoBoost;1308;2018;Europa;4668;1481;1825;5;608;Kombi
Ford Focus Mk4 ST 2.3 EcoBoost;1433;2019;Europa;4388;1458;1825;5;375;Hatchback
Ford Fusion 1.4 TDCi;1118;2002;Europa;4020;1503;1708;5;337;Hatchback
Ford Galaxy I 1.9 TDI;1634;1995;Europa;4617;1732;1810;5;330;Kombi
Ford Galaxy II 2.0 TDCi;1665;2006;Europa;4820;1723;1854;5;435;Kombi
Ford Ka I 1.3;871;1996;Europa;3620;1413;1639;3;186;Hatchback
Ford Ka I 1.3;871;1996;Europa;3620;1368;1639;3;186;Hatchback
Ford Ka II 1.2;940;2008;Europa;3620;1505;1658;3;224;Hatchback
Ford Kuga III 1.5 EcoBoost;1489;2019;Europa;4614;1678;1883;5;475;SUV
Ford Mondeo Mk1 1.8 TD;1320;1993;Europa;4481;1428;1747;5;470;Hatchback
Ford Mondeo Mk1 Liftback 1.8 TD;1295;1993;Europa;4481;1428;1747;5;460;Hatchback
Ford Mondeo Mk2 1.8 TD;1335;1996;Europa;4556;1424;1751;5;460;Hatchback
Ford Mondeo Mk2 Liftback 1.8 TD;1315;1996;Europa;4556;1424;1751;5;460;Hatchback
Ford Mondeo Mk3 2.0 TDCi;1477;2000;Europa;4731;1429;1812;5;500;Hatchback
Ford Mondeo Mk3 Liftback 2.0 TDCi;1471;2000;Europa;4731;1429;1812;5;500;Hatchback
Ford Mondeo Mk4 2.0 TDCi;1492;2007;Europa;4778;1500;1886;5;540;Hatchback
Ford Mondeo Mk5 Sedan 2.0 TDCi;1499;2014;Europa;4871;1482;1852;4;525;Sedan
Ford Mustang VI Fastback 5.0 GT;1681;2014;USA;4784;1381;1916;2;408;Coupe
Ford Mustang VI GT Fastback;1732;2015;USA;4784;1381;1916;2;408;Coupe
Ford Puma II 1.0 EcoBoost;1205;2019;Europa;4186;1537;1805;5;456;SUV
Ford Ranger II 2.5 TDCi;1895;2006;Europa;5075;1762;1805;4;1000;SUV
Ford S-Max I 2.0 TDCi;1665;2006;Europa;4768;1658;1884;5;285;Kombi
Ford S-Max II 2.0 EcoBlue;1725;2015;Europa;4796;1655;1916;5;700;Kombi
Ford Transit Connect I 1.8 TDCi;1485;2002;Europa;4278;1814;1795;5;1000;Kombi
Genesis GV80 3.0 D AWD;2135;2020;Azja;4945;1715;1975;5;727;SUV
Honda Accord VI 2.0 VTEC;1340;1998;Azja;4595;1430;1750;4;427;Sedan
Honda Accord VII 2.0 i-VTEC;1362;2002;Azja;4665;1445;1760;4;459;Sedan
Honda Accord VIII Sedan 2.0 i-VTEC;1414;2008;Azja;4725;1440;1840;4;467;Sedan
Honda Accord X 1.5 VTEC Turbo;1420;2017;Azja;4882;1450;1862;4;473;Sedan
Honda Civic IX 1.8 i-VTEC;1205;2011;Azja;4300;1470;1770;5;477;Hatchback
Honda Civic VI 1.4 iS (EJ/EK);1040;1995;Azja;4190;1375;1695;3;225;Hatchback
Honda Civic VI Aerodeck 1.5 VTEC;1150;1998;Azja;4425;1440;1695;5;415;Kombi
Honda Civic VI Sedan 1.4i S;1060;1995;Azja;4460;1395;1695;4;380;Sedan
Honda Civic VI Type R (EK9);1050;1997;Azja;4180;1360;1695;3;225;Hatchback
Honda Civic VII Hatchback 1.4 iS;1110;2001;Azja;4285;1495;1695;5;315;Hatchback
Honda Civic VII IMA 1.3 Hybrid;1190;2003;Azja;4435;1430;1715;4;342;Sedan
Honda Civic VII Type R (EP3);1204;2001;Azja;4140;1420;1695;3;315;Hatchback
Honda Civic VII Type-R EP3;1204;2001;Azja;4140;1440;1695;3;315;Hatchback
Honda Civic VIII 1.8 i-VTEC;1194;2005;Azja;4245;1460;1765;5;415;Hatchback
Honda Civic VIII 1.8 i-VTEC UFO;1194;2005;Azja;4245;1460;1765;5;456;Hatchback
Honda Civic VIII IMA 1.3 Hybrid;1297;2006;Azja;4545;1435;1750;4;350;Sedan
Honda Civic X 1.5 VTEC Turbo;1229;2016;Azja;4518;1434;1799;5;420;Hatchback
Honda Civic XI e:HEV;1517;2022;Azja;4551;1408;1802;5;410;Hatchback
Honda CR-V I 2.0 16V;1365;1995;Azja;4510;1705;1750;5;374;SUV
Honda CR-V I 2.0 16V;1360;1995;Azja;4510;1750;1750;5;374;SUV
Honda CR-V II 2.0 i-VTEC;1458;2001;Azja;4535;1710;1785;5;527;SUV
Honda CR-V II 2.0 i-VTEC;1497;2001;Azja;4570;1710;1780;5;527;SUV
Honda CR-V IV 2.0 i-VTEC;1445;2012;Azja;4570;1685;1820;5;589;SUV
Honda CR-V V 1.5 VTEC;1501;2016;Azja;4600;1679;1855;5;561;SUV
Honda CR-V V 1.5 VTEC Turbo;1501;2016;Azja;4600;1679;1855;5;561;SUV
Honda Insight II 1.3 Hybrid;1204;2009;Azja;4390;1425;1695;5;339;Hatchback
Honda Jazz I 1.2 i-DSI;980;2002;Azja;3830;1525;1675;5;353;Hatchback
Honda Jazz II 1.2 i-VTEC;1045;2008;Azja;3900;1525;1695;5;399;Hatchback
Honda Jazz IV 1.3 i-VTEC;1028;2015;Azja;3995;1515;1694;5;354;Hatchback
Honda NSX II;1725;2016;Azja;4470;1215;1940;2;110;Coupe
Honda Prelude V 2.0i;1220;1996;Azja;4545;1315;1750;2;284;Coupe
Honda Shuttle 2.2i;1465;1995;Azja;4755;1640;1775;5;380;Kombi
Honda Stream 1.7 VTEC;1335;2001;Azja;4570;1590;1695;5;435;Kombi
Hyundai Accent II 1.5 CRDi;1085;1999;Azja;4235;1395;1670;5;321;Hatchback
Hyundai Atos 1.0i;845;1997;Azja;3495;1615;1495;5;263;Hatchback
Hyundai Elantra III 2.0 CRDi;1341;2000;Azja;4495;1425;1720;4;415;Sedan
Hyundai Elantra VII 1.6 MPI;1210;2020;Azja;4675;1415;1825;4;474;Sedan
Hyundai Getz 1.1;972;2002;Azja;3810;1490;1665;5;254;Hatchback
Hyundai Getz 1.4;1024;2005;Azja;3825;1490;1665;5;254;Hatchback
Hyundai i10 I 1.1;925;2008;Azja;3565;1540;1595;5;225;Hatchback
Hyundai i10 III 1.0 MPI;924;2019;Azja;3670;1480;1680;5;252;Hatchback
Hyundai i20 I 1.2;970;2008;Azja;3940;1490;1710;5;295;Hatchback
Hyundai i30 I 1.6 CRDi;1265;2007;Azja;4245;1480;1775;5;340;Hatchback
Hyundai i30 II 1.6 CRDi;1290;2011;Azja;4300;1470;1780;5;378;Hatchback
Hyundai i30 III 1.4 T-GDI;1240;2017;Azja;4340;1455;1795;5;395;Hatchback
Hyundai i30 III Hatchback 1.5 DPI;1176;2020;Azja;4340;1455;1795;5;395;Hatchback
Hyundai i30 III Wagon 1.5 T-GDI;1270;2020;Azja;4585;1465;1795;5;602;Kombi
Hyundai i30 N Performance 2.0 T-GDI;1429;2017;Azja;4335;1447;1795;5;381;Hatchback
Hyundai Ioniq 5 Long Range AWD;2020;2021;Azja;4635;1605;1890;5;527;SUV
Hyundai Ioniq 6 Long Range RWD;1910;2022;Azja;4855;1495;1880;4;401;Sedan
Hyundai Ioniq Electric (38 kWh);1527;2016;Azja;4470;1450;1820;5;357;Hatchback
Hyundai ix35 1.7 CRDi;1390;2010;Azja;4410;1660;1820;5;465;SUV
Hyundai Kona I 1.0 T-GDI;1233;2017;Azja;4165;1550;1800;5;361;SUV
Hyundai Kona I 1.6 T-GDI;1312;2017;Azja;4165;1550;1800;5;361;SUV
Hyundai Santa Fe I 2.0 CRDi;1650;2000;Azja;4500;1675;1820;5;469;SUV
Hyundai Tucson I 2.0 CRDi;1545;2004;Azja;4325;1680;1795;5;325;SUV
Hyundai Tucson I 2.0 CRDi;1545;2004;Azja;4325;1730;1795;5;325;SUV
Hyundai Tucson III 1.6 T-GDI;1425;2015;Azja;4475;1645;1850;5;513;SUV
Hyundai Tucson IV 1.6 T-GDI;1425;2020;Azja;4500;1650;1865;5;620;SUV
Hyundai Tucson IV 1.6 T-GDI HEV;1564;2020;Azja;4500;1650;1865;5;616;SUV
Infiniti Q50 2.0t;1642;2013;Azja;4790;1455;1820;4;500;Sedan
Infiniti Q60 3.0t AWD;1752;2016;Azja;4685;1395;1850;2;342;Coupe
Infiniti Q70 2.2d;1827;2014;Azja;4945;1500;1845;4;500;Sedan
Jaguar F-Pace 2.0D AWD;1775;2016;Europa;4731;1652;1936;5;650;SUV
Jaguar F-Pace SVR 5.0 V8;2058;2018;Europa;4762;1670;1936;5;613;SUV
Jaguar F-Type R Coupe 5.0 V8;1735;2019;Europa;4470;1311;1923;2;310;Coupe
Jaguar XF II 2.0D;1590;2015;Europa;4954;1457;1880;4;540;Sedan
Jaguar XJ (X308) 4.0 V8;1710;1997;Europa;5024;1314;1798;4;410;Sedan
Jaguar XJ (X351) 3.0 D;1835;2015;Europa;5130;1460;1899;4;520;Sedan
Jaguar XK II Coupe 4.2 V8;1595;2006;Europa;4791;1322;1892;2;300;Coupe
Jaguar X-Type 2.0D;1495;2003;Europa;4672;1392;1789;4;452;Sedan
Jeep Cherokee KJ 2.8 CRD;1870;2001;USA;4496;1818;1819;5;400;SUV
Jeep Cherokee KJ 2.8 CRD;1855;2001;USA;4496;1818;1819;5;820;SUV
Jeep Compass I 2.0 CRD;1540;2006;USA;4405;1630;1761;5;328;SUV
Jeep Grand Cherokee III (WH) 3.0 CRD;2135;2005;USA;4750;1740;1870;5;978;SUV
Jeep Grand Cherokee IV (WK2);2266;2010;USA;4828;1749;1943;5;782;SUV
Jeep Grand Cherokee WH 3.0 CRD;2135;2005;USA;4750;1740;1870;5;978;SUV
Jeep Grand Cherokee WJ 4.7 V8;1910;1999;USA;4610;1762;1839;5;1104;SUV
Jeep Grand Cherokee WL 3.6 V6;2030;2021;USA;4914;1798;1968;5;710;SUV
Jeep Patriot 2.0 CRD;1570;2007;USA;4408;1667;1755;5;320;SUV
Jeep Wrangler JK 2.8 CRD;1995;2007;USA;4223;1840;1873;3;410;SUV
Jeep Wrangler TJ 4.0;1570;1996;USA;3880;1780;1740;3;320;SUV
Kia Carnival II 2.9 CRDi;2045;2001;Azja;4930;1770;1900;5;354;Kombi
Kia Cee'd I 1.6 CRDi;1267;2006;Azja;4235;1480;1790;5;340;Hatchback
Kia Ceed II 1.6 GDI;1197;2012;Azja;4310;1470;1780;5;380;Hatchback
Kia Ceed III Hatchback 1.5 T-GDI;1230;2018;Azja;4310;1447;1800;5;395;Hatchback
Kia Ceed III Kombi 1.5 T-GDI;1255;2018;Azja;4600;1465;1800;5;625;Kombi
Kia Ceed III SW 1.4 T-GDI;1262;2018;Europa;4600;1465;1800;5;625;Kombi
Kia EV6 Long Range AWD;2015;2021;Azja;4680;1550;1880;5;520;SUV
Kia Niro I Hybrid;1425;2016;Azja;4355;1535;1805;5;427;SUV
Kia Niro I Hybrid 1.6 GDI;1425;2016;Azja;4355;1535;1805;5;436;SUV
Kia Optima IV 1.7 CRDi;1530;2015;Azja;4855;1465;1860;4;510;Sedan
Kia Picanto I 1.0;854;2004;Azja;3495;1480;1595;5;157;Hatchback
Kia Picanto I 1.1 CRDi;943;2005;Azja;3495;1480;1595;5;157;Hatchback
Kia Picanto II 1.0;840;2011;Azja;3595;1480;1595;5;200;Hatchback
Kia Picanto III 1.0 DPI;899;2017;Azja;3595;1485;1595;5;255;Hatchback
Kia Pride 1.3;815;1987;Azja;3565;1460;1605;5;180;Hatchback
Kia Pride Sedan 1.3;845;1990;Azja;3935;1460;1605;4;340;Sedan
Kia Rio I 1.3;991;2000;Azja;4215;1440;1675;5;449;Kombi
Kia Rio II 1.4;1079;2005;Azja;3990;1470;1695;5;270;Hatchback
Kia Rio IV 1.2 DPI;1045;2016;Azja;4065;1450;1725;5;325;Hatchback
Kia Rio IV 1.2 MPI;1030;2017;Azja;4065;1450;1725;5;325;Hatchback
Kia Sportage I 2.0 TD;1455;1993;Azja;4245;1650;1735;5;345;SUV
Kia Sportage II 2.0 CRDi;1545;2004;Azja;4350;1730;1800;5;332;SUV
Kia Sportage III 1.7 CRDi;1390;2010;Azja;4440;1635;1855;5;465;SUV
Kia Sportage IV 1.6 GDI;1379;2015;Azja;4480;1635;1855;5;503;SUV
Kia Sportage V 1.6 T-GDI;1463;2021;Azja;4515;1645;1865;5;591;SUV
Kia Sportage V 1.6 T-GDI MHEV;1505;2021;Azja;4515;1645;1865;5;591;SUV
Kia Stinger 3.3 T-GDI GT AWD;1858;2017;Azja;4830;1400;1870;5;406;Sedan
Kia Stonic 1.4 DOHC;1070;2017;Azja;4140;1520;1760;5;332;SUV
Lada Niva 1.7 i;1210;1993;Europa;3720;1640;1680;3;265;SUV
Lamborghini Huracan EVO;1422;2019;Europa;4520;1165;1933;2;100;Coupe
Lamborghini Urus 4.0 V8;2200;2018;Europa;5112;1638;2016;5;616;SUV
Lancia Delta III 1.6 Multijet;1410;2008;Europa;4520;1499;1797;5;380;Hatchback
Lancia Phedra 2.2 JTD;1783;2002;Europa;4750;1752;1863;5;324;Kombi
Land Rover Defender 110 2.5 Td5;2055;1998;Europa;4599;2076;1790;5;1000;SUV
Land Rover Freelander I 2.0 Td4;1500;1997;Europa;4447;1757;1805;5;354;SUV
Land Rover Freelander II 2.2 TD4;1775;2006;Europa;4500;1740;1910;5;405;SUV
Lexus CT 200h;1370;2011;Azja;4350;1445;1765;5;375;Hatchback
Lexus GS II 300;1650;1997;Azja;4805;1445;1800;4;515;Sedan
Lexus IS I 200;1360;1999;Azja;4400;1420;1720;4;400;Sedan
Lexus IS II 220d;1585;2005;Azja;4575;1425;1800;4;378;Sedan
Lexus IS III 300h;1620;2013;Azja;4680;1430;1810;4;450;Sedan
Lexus LC 500 V8;1935;2017;Azja;4770;1345;1920;2;197;Coupe
Lexus LC 500h;1985;2017;Azja;4770;1345;1920;2;172;Coupe
Lexus LS V 500h;2180;2017;Azja;5235;1450;1900;4;430;Sedan
Lexus LS V XF50 500h;2245;2017;Azja;5235;1450;1900;4;430;Sedan
Lexus NX II 350h;1730;2021;Azja;4660;1640;1865;5;545;SUV
Lexus RC F 5.0 V8;1715;2014;Azja;4705;1390;1845;2;366;Coupe
Lexus RX IV 450h AWD;2100;2015;Azja;4890;1685;1895;5;539;SUV
Lexus RX V 350h;1965;2022;Azja;4890;1695;1920;5;461;SUV
Lucid Air Grand Touring;2360;2021;USA;4975;1410;1939;4;458;Sedan
Maserati GranTurismo 4.2 V8;1880;2007;Europa;4881;1353;1915;2;260;Coupe
Maserati Levante 3.0 V6;2109;2016;Europa;5003;1679;1968;5;580;SUV
Maserati MC20;1500;2020;Europa;4669;1221;1965;2;150;Coupe
Mazda 2 I 1.4 CD;1065;2003;Azja;3925;1545;1680;5;268;Hatchback
Mazda 2 II 1.3 MZR;955;2007;Azja;3885;1475;1695;5;250;Hatchback
Mazda 3 I 1.6 CD;1260;2003;Azja;4420;1465;1755;5;300;Hatchback
Mazda 3 III SkyActiv-G 2.0;1200;2013;Azja;4465;1450;1795;5;364;Hatchback
Mazda 3 IV Hatchback 2.0 SKYACTIV-G;1274;2019;Azja;4460;1435;1795;5;358;Hatchback
Mazda 3 IV Hatchback SkyActiv-G 2.0;1274;2019;Azja;4460;1435;1795;5;358;Hatchback
Mazda 323F BA 1.5 16V;1115;1994;Azja;4340;1355;1695;5;326;Hatchback
Mazda 323F BJ 2.0 DiTD;1250;1998;Azja;4250;1410;1705;5;356;Hatchback
Mazda 5 I 2.0 MZR-CD;1535;2005;Azja;4505;1615;1755;5;426;Kombi
Mazda 6 I 2.0 MZR;1330;2002;Azja;4680;1435;1780;5;492;Hatchback
Mazda 6 I Hatchback 2.0 MZR-CD;1410;2002;Azja;4680;1435;1780;5;492;Hatchback
Mazda 6 II 2.0 MZR-CD;1475;2007;Azja;4755;1440;1795;5;510;Hatchback
Mazda 6 III Kombi SkyActiv-G 2.0;1400;2012;Azja;4805;1475;1840;5;522;Kombi
Mazda 6 III Sedan 2.0 SKYACTIV-G;1300;2012;Azja;4870;1450;1840;4;480;Sedan
Mazda 6 III SkyActiv-G 2.0;1375;2012;Azja;4870;1450;1840;4;480;Sedan
Mazda 626 GE 2.0 i;1180;1991;Azja;4695;1390;1750;5;455;Hatchback
Mazda 626 GF 2.0 DiTD;1300;1997;Azja;4575;1430;1710;4;502;Sedan
Mazda 626 GF 2.0 DiTD;1315;1997;Azja;4575;1430;1710;4;502;Sedan
Mazda 626 GW Kombi 2.0 DiTD;1395;1998;Azja;4660;1515;1710;5;484;Kombi
Mazda CX-30 2.0 SKYACTIV-G;1320;2019;Azja;4395;1540;1795;5;430;SUV
Mazda CX-5 II 2.0 SkyActiv-G;1425;2017;Azja;4550;1675;1840;5;506;SUV
Mazda CX-5 II 2.0 SKYACTIV-G;1360;2017;Azja;4550;1675;1840;5;506;SUV
Mazda MPV II 2.0 MZR-CD;1700;1999;Azja;4750;1745;1830;5;294;Kombi
Mazda MX-5 IV (ND) 2.0 SkyActiv-G;1015;2015;Azja;3915;1225;1735;2;130;Coupe
Mazda RX-7 FD;1280;1992;Azja;4285;1230;1760;2;160;Coupe
Mazda RX-7 FD Spirit R;1280;2002;Azja;4285;1230;1760;2;160;Coupe
Mazda RX-8 1.3 Renesis;1350;2003;Azja;4405;1340;1770;4;290;Coupe
Mazda RX-8 1.3 Renesis;1310;2003;Azja;4435;1340;1770;4;290;Coupe
McLaren 720S;1283;2017;Europa;4543;1196;1930;2;150;Coupe
Mercedes 190D W201;1180;1983;Europa;4420;1390;1680;4;410;Sedan
Mercedes 190E 2.3-16 W201;1300;1984;Europa;4430;1361;1720;4;410;Sedan
Mercedes 200D W123 (Beczka);1390;1976;Europa;4725;1438;1786;4;500;Sedan
Mercedes 200D W124;1340;1985;Europa;4740;1446;1740;4;520;Sedan
Mercedes 300D W123 Kombi;1620;1978;Europa;4725;1470;1786;5;523;Kombi
Mercedes 300D W124 Kombi;1570;1985;Europa;4765;1490;1740;5;530;Kombi
Mercedes C220 CDI Kombi S202;1485;1996;Europa;4516;1445;1723;5;465;Kombi
Mercedes C220 CDI Kombi S203;1555;2001;Europa;4541;1465;1728;5;470;Kombi
Mercedes C32 AMG W203;1560;2001;Europa;4528;1415;1728;4;455;Sedan
Mercedes CL 500 C215;1785;1999;Europa;4993;1398;1857;2;450;Coupe
Mercedes CLK W208 200 Kompressor;1375;1997;Europa;4567;1371;1722;2;435;Coupe
Mercedes E55 AMG W210 5.4 V8;1635;1997;Europa;4810;1411;1799;4;520;Sedan
Mercedes EQE 350+;2355;2022;Europa;4946;1512;1961;4;430;Sedan
Mercedes EQS 580 4MATIC;2510;2021;Europa;5216;1512;1926;5;610;Hatchback
Mercedes GLC II 200 4MATIC;1850;2022;Europa;4716;1640;1890;5;620;SUV
Mercedes GLC X253 220d;1760;2015;Europa;4656;1639;1890;5;550;SUV
Mercedes GLE V167 350d;2235;2018;Europa;4924;1772;1947;5;630;SUV
Mercedes GLK X204 220 CDI;1770;2008;Europa;4528;1689;1840;5;450;SUV
Mercedes GLS X167 400d;2415;2019;Europa;5207;1823;1956;5;355;SUV
Mercedes Klasa A V177 Sedan 200;1310;2018;Europa;4549;1446;1796;4;420;Sedan
Mercedes Klasa C W205 220d;1510;2014;Europa;4686;1442;1810;4;480;Sedan
Mercedes Klasa E W213 Kombi 220d;1765;2016;Europa;4933;1475;1852;5;640;Kombi
Mercedes Klasy A W168 A170 CDI;1115;1997;Europa;3575;1575;1719;5;390;Hatchback
Mercedes Klasy A W169 A180 CDI;1345;2004;Europa;3838;1593;1764;5;435;Hatchback
Mercedes Klasy A W177 A200 Hatchback;1300;2018;Europa;4419;1440;1796;5;370;Hatchback
Mercedes Klasy B W247 B180;1405;2018;Europa;4419;1562;1796;5;455;Hatchback
Mercedes Klasy C W203 C220 CDI;1455;2000;Europa;4526;1426;1728;4;455;Sedan
Mercedes Klasy C W204 C200 CDI;1485;2007;Europa;4581;1447;1770;4;475;Sedan
Mercedes Klasy C W205 C200;1395;2014;Europa;4686;1442;1810;4;480;Sedan
Mercedes Klasy C W206 200;1650;2021;Europa;4751;1438;1820;4;455;Sedan
Mercedes Klasy E Coupe C238 300;1655;2017;Europa;4826;1430;1860;2;425;Coupe
Mercedes Klasy E W210 E220 CDI;1510;1995;Europa;4818;1431;1799;4;520;Sedan
Mercedes Klasy E W211 E220 CDI;1540;2002;Europa;4818;1452;1822;4;540;Sedan
Mercedes Klasy G W463 G500;2355;1998;Europa;4662;1931;1760;5;480;SUV
Mercedes Klasy M W163 ML 270 CDI;2110;1997;Europa;4587;1820;1840;5;613;SUV
Mercedes Klasy M W164 ML 320 CDI;2110;2005;Europa;4781;1815;1911;5;551;SUV
Mercedes Klasy S W140 S350 Turbo-D;2010;1993;Europa;5113;1486;1886;4;525;Sedan
Mercedes Klasy S W220 S320 CDI;1845;1999;Europa;5038;1444;1855;4;500;Sedan
Mercedes Klasy S W223 S500 L;2065;2020;Europa;5289;1503;1954;4;550;Sedan
Mercedes Klasy V W638 V220 CDI;1925;1996;Europa;4660;1844;1883;4;581;Kombi
Mercedes Vito W638 110 CDI;1795;1996;Europa;4660;1844;1883;4;581;Kombi
Mercedes Vito W639 111 CDI;1890;2003;Europa;4748;1902;1901;4;730;Kombi
Mercedes-AMG A 45 W176;1480;2013;Europa;4359;1417;1780;5;341;Hatchback
Mercedes-AMG C 63 W205 Sedan;1715;2015;Europa;4756;1426;1839;4;435;Sedan
Mercedes-AMG E 63 S W213;1880;2017;Europa;4988;1463;1907;4;540;Sedan
Mercedes-Maybach S 580 Z223;2290;2021;Europa;5469;1510;1921;4;505;Sedan
MG HS I 1.5 T-GDI;1469;2020;Azja;4574;1664;1876;5;463;SUV
MG ZS 1.5 VTi-Tech;1239;2017;Azja;4323;1653;1809;5;448;SUV
Mini Cooper JCW (F56);1220;2015;Europa;3874;1414;1727;3;211;Hatchback
Mini Cooper S (F56);1215;2014;Europa;3850;1414;1727;3;211;Hatchback
Mitsubishi ASX 1.6 MIVEC;1260;2010;Azja;4295;1615;1770;5;419;SUV
Mitsubishi Carisma 1.9 DI-D;1275;2000;Azja;4475;1405;1710;4;460;Sedan
Mitsubishi Carisma Hatchback 1.8 GDI;1240;1997;Azja;4445;1405;1710;5;430;Hatchback
Mitsubishi Colt IV 1.3;940;1992;Azja;3955;1365;1690;3;240;Hatchback
Mitsubishi Colt V 1.3;955;1996;Azja;3880;1365;1680;3;240;Hatchback
Mitsubishi Colt VI 1.3;970;2004;Azja;3870;1550;1695;5;220;Hatchback
Mitsubishi Delica Space Gear 2.8 TD;2010;1994;Azja;4685;1960;1695;4;600;Kombi
Mitsubishi Delica Star Wagon 2.5 TD;1710;1986;Azja;4485;1975;1690;4;500;Kombi
Mitsubishi Eclipse II GS 2.0;1330;1995;Azja;4380;1295;1745;3;240;Coupe
Mitsubishi Eclipse III 3.0 V6;1385;1999;USA;4491;1311;1750;3;478;Coupe
Mitsubishi Grandis 2.0 DI-D;1645;2003;Azja;4765;1655;1795;5;320;Kombi
Mitsubishi L200 IV 2.5 DID;1880;2006;Azja;5000;1780;1800;4;950;SUV
Mitsubishi Lancer Evolution IX;1465;2005;Azja;4490;1450;1770;4;430;Sedan
Mitsubishi Lancer VIII 1.8 MIVEC;1350;2007;Azja;4570;1490;1760;4;400;Sedan
Mitsubishi Lancer VIII 2.0 DI-D;1425;2007;Azja;4570;1490;1760;4;377;Sedan
Mitsubishi Outlander I 2.0 16V;1440;2003;Azja;4545;1620;1750;5;402;SUV
Mitsubishi Outlander I 2.0 Turbo;1595;2003;Azja;4545;1620;1750;5;400;SUV
Mitsubishi Outlander II 2.0 DI-D;1690;2006;Azja;4640;1680;1800;5;541;SUV
Mitsubishi Outlander II 2.0 DI-D;1655;2006;Azja;4640;1680;1800;5;541;SUV
Mitsubishi Outlander III 2.0 ClearTec;1460;2012;Azja;4695;1680;1810;5;591;SUV
Mitsubishi Pajero III 3.2 DiD;2110;1999;Azja;4795;1855;1875;5;590;SUV
Mitsubishi Pajero Pinin 1.8 MPI;1280;1999;Azja;3735;1695;1680;3;166;SUV
Mitsubishi Space Star I 1.3;1120;1998;Azja;4030;1515;1715;5;370;Hatchback
Mitsubishi Space Star II 1.2;875;2012;Azja;3710;1490;1665;5;235;Hatchback
Nissan 200SX S14 2.0 Turbo;1265;1993;Azja;4520;1295;1730;2;240;Coupe
Nissan 350Z 3.5 V6;1545;2002;Azja;4310;1318;1815;3;235;Coupe
Nissan 350Z Coupe;1545;2002;Azja;4310;1320;1815;2;235;Coupe
Nissan Almera N15 1.4;1045;1995;Azja;4120;1395;1690;5;340;Hatchback
Nissan Almera N15 Sedan 1.4 16V;1065;1995;Azja;4320;1395;1690;4;440;Sedan
Nissan Almera N16 1.5;1170;2000;Azja;4184;1448;1706;5;355;Hatchback
Nissan Almera N16 Sedan 1.5 16V;1190;2000;Azja;4425;1445;1710;4;460;Sedan
Nissan GT-R R35;1750;2007;Azja;4710;1370;1895;2;315;Coupe
Nissan Juke II 1.0 DIG-T;1182;2019;Europa;4210;1595;1800;5;422;SUV
Nissan Juke II 1.0 DIG-T;1182;2019;Azja;4210;1595;1800;5;422;SUV
Nissan Leaf II (40 kWh);1580;2017;Azja;4490;1540;1788;5;435;Hatchback
Nissan Leaf II 40 kWh;1505;2017;Azja;4490;1540;1788;5;435;Hatchback
Nissan Micra K11 1.0;780;1992;Azja;3695;1430;1585;5;206;Hatchback
Nissan Micra K12 1.2;940;2002;Azja;3715;1540;1660;5;251;Hatchback
Nissan Navara D40 2.5 dCi;2035;2005;Azja;5220;1780;1850;4;1100;SUV
Nissan Note I 1.5 dCi;1130;2006;Azja;4085;1550;1690;5;280;Hatchback
Nissan Patrol GR Y60 2.8 TD;1930;1988;Azja;4240;1815;1930;3;450;SUV
Nissan Patrol GR Y61 3.0 Di;2280;1997;Azja;5010;1855;1930;5;600;SUV
Nissan Patrol GR Y61 3.0 Di;2275;1997;Azja;5010;1855;1930;5;600;SUV
Nissan Primera P10 2.0 D;1210;1990;Azja;4400;1395;1700;4;475;Sedan
Nissan Primera P11 2.0 TD;1285;1996;Azja;4522;1410;1715;4;490;Sedan
Nissan Primera P11 Liftback 2.0 TD;1285;1996;Azja;4430;1410;1715;5;505;Hatchback
Nissan Primera P11 Sedan 1.6 16V;1205;1996;Azja;4430;1410;1715;4;490;Sedan
Nissan Primera P12 2.2 Di;1420;2002;Azja;4567;1482;1760;4;450;Sedan
Nissan Primera P12 Liftback 2.2 Di;1435;2002;Azja;4567;1482;1760;5;450;Hatchback
Nissan Qashqai I 1.6 dCi;1405;2007;Europa;4315;1606;1783;5;410;SUV
Nissan Qashqai II 1.3 DIG-T;1300;2018;Europa;4394;1590;1806;5;410;SUV
Nissan Qashqai II 1.3 DIG-T;1300;2018;Azja;4394;1590;1806;5;410;SUV
Nissan Serena I 2.3 D;1505;1992;Azja;4315;1835;1695;5;350;Kombi
Nissan Sunny N14 1.4 16V;980;1990;Azja;4145;1395;1680;5;340;Hatchback
Nissan Sunny N14 Sedan 1.4 16V;1010;1990;Azja;4210;1395;1680;4;430;Sedan
Nissan Terrano II 2.7 TDi;1815;1993;Azja;4185;1830;1755;3;335;SUV
Nissan X-Trail I 2.2 Di;1520;2001;Azja;4510;1675;1765;5;410;SUV
Nissan X-Trail II 2.0 dCi;1625;2007;Azja;4630;1685;1785;5;479;SUV
Nissan X-Trail III 1.6 dCi;1500;2014;Azja;4640;1710;1820;5;550;SUV
Opel Agila A 1.0 12V;955;2000;Europa;3500;1660;1620;5;240;Hatchback
Opel Agila A 1.2 16V;975;2000;Europa;3500;1660;1620;5;240;Hatchback
Opel Agila B 1.2;990;2008;Europa;3740;1590;1680;5;225;Hatchback
Opel Astra G 1.6 16V;1115;1998;Europa;4111;1431;1709;5;370;Hatchback
Opel Astra G Caravan 1.7 DTI;1195;1998;Europa;4288;1510;1709;5;480;Kombi
Opel Astra G Coupe (Bertone) 2.0 Turbo;1295;2000;Europa;4267;1390;1709;2;460;Coupe
Opel Astra G Sedan 1.6 16V;1105;1998;Europa;4252;1425;1709;4;460;Sedan
Opel Astra H 1.7 CDTI;1265;2004;Europa;4249;1460;1753;5;380;Hatchback
Opel Astra H Caravan 1.9 CDTI;1365;2004;Europa;4515;1500;1753;5;500;Kombi
Opel Astra H Sedan 1.7 CDTI;1315;2007;Europa;4587;1458;1753;4;490;Sedan
Opel Astra J 1.4 Turbo;1318;2009;Europa;4419;1510;1814;5;370;Hatchback
Opel Astra K 1.4 Turbo;1188;2015;Europa;4370;1485;1809;5;370;Hatchback
Opel Astra L 1.2 Turbo;1258;2021;Europa;4374;1441;1860;5;422;Hatchback
Opel Astra L 1.2 Turbo;1255;2021;Europa;4374;1441;1860;5;422;Hatchback
Opel Astra L Sports Tourer 1.2 Turbo;1311;2022;Europa;4642;1480;1860;5;597;Kombi
Opel Combo C 1.7 CDTI;1245;2001;Europa;4323;1801;1685;5;510;Kombi
Opel Corsa C 1.2 16V;935;2000;Europa;3817;1440;1646;5;260;Hatchback
Opel Corsa C 1.2 Twinport;935;2000;Europa;3817;1440;1646;5;260;Hatchback
Opel Corsa D 1.2;1025;2006;Europa;3999;1488;1737;5;285;Hatchback
Opel Corsa E 1.4;1065;2014;Europa;4021;1479;1736;5;285;Hatchback
Opel Corsa F 1.2 Turbo;1165;2019;Europa;4060;1433;1765;5;309;Hatchback
Opel Corsa F 1.2 Turbo;1090;2019;Europa;4060;1433;1765;5;309;Hatchback
Opel Insignia B Grand Sport 2.0 CDTi;1540;2017;Europa;4897;1455;1863;5;490;Sedan
Opel Insignia B Grand Sport 2.0 CDTi;1465;2017;Europa;4897;1455;1863;5;490;Hatchback
Opel Meriva A 1.7 CDTI;1355;2003;Europa;4042;1624;1694;5;350;Kombi
Opel Meriva B 1.7 CDTI;1428;2010;Europa;4288;1615;1812;5;400;Kombi
Opel Vectra B 1.6 16V;1220;1995;Europa;4477;1428;1707;4;500;Sedan
Opel Vectra B Liftback 2.0 DTI;1310;1995;Europa;4477;1428;1707;5;480;Hatchback
Opel Vectra B Sedan 2.0 DTI;1290;1995;Europa;4477;1428;1707;4;500;Sedan
Opel Vectra C 1.9 CDTI;1435;2002;Europa;4596;1460;1798;4;500;Sedan
Opel Vectra C GTS 1.9 CDTI;1428;2002;Europa;4596;1460;1798;5;500;Hatchback
Opel Zafira A 2.0 DTI;1385;1999;Europa;4317;1684;1742;5;475;Kombi
Opel Zafira B 1.9 CDTI;1503;2005;Europa;4467;1635;1801;5;490;Kombi
Opel Zafira B 1.9 CDTI;1540;2005;Europa;4467;1635;1801;5;490;Kombi
Peugeot 106 I 1.0;760;1991;Europa;3564;1369;1590;3;215;Hatchback
Peugeot 106 I Rallye 1.3;810;1993;Europa;3564;1369;1605;3;215;Hatchback
Peugeot 107 1.0;790;2005;Europa;3435;1465;1630;5;139;Hatchback
Peugeot 107 1.0;800;2005;Europa;3430;1470;1630;5;139;Hatchback
Peugeot 2008 II 1.2 PureTech;1192;2019;Europa;4300;1530;1770;5;434;SUV
Peugeot 205 1.1;790;1983;Europa;3705;1350;1572;5;216;Hatchback
Peugeot 206 1.4 HDi;974;2001;Europa;3835;1428;1652;5;245;Hatchback
Peugeot 206 1.4 HDi;974;1998;Europa;3822;1426;1652;5;245;Hatchback
Peugeot 206 CC 1.6 16V;1140;2000;Europa;3835;1373;1673;2;410;Coupe
Peugeot 206 RC 2.0 16V;1100;2003;Europa;3835;1426;1652;3;245;Hatchback
Peugeot 206 SW 1.4 HDi;1033;2002;Europa;4028;1460;1652;5;313;Kombi
Peugeot 207 1.4 HDi;1144;2006;Europa;4030;1472;1720;5;270;Hatchback
Peugeot 207 RC 1.6 THP;1250;2007;Europa;4030;1472;1720;3;270;Hatchback
Peugeot 208 II 1.2 PureTech;1090;2019;Europa;4055;1430;1745;5;311;Hatchback
Peugeot 208 II 1.2 PureTech;1090;2019;Europa;4055;1430;1745;5;311;Hatchback
Peugeot 3008 II 1.2 PureTech;1250;2016;Europa;4447;1624;1841;5;520;SUV
Peugeot 3008 II Hybrid4 300;1853;2019;Europa;4447;1624;1841;5;395;SUV
Peugeot 306 1.9 D;1100;1993;Europa;3995;1380;1692;5;338;Hatchback
Peugeot 306 Break 1.9 D;1185;1997;Europa;4340;1415;1689;5;442;Kombi
Peugeot 307 1.6 HDi;1243;2001;Europa;4202;1512;1730;5;341;Hatchback
Peugeot 307 Break 2.0 HDi;1335;2002;Europa;4419;1544;1757;5;503;Kombi
Peugeot 308 II 1.6 BlueHDi;1160;2013;Europa;4253;1457;1804;5;420;Hatchback
Peugeot 308 III Hatchback 1.2 PureTech;1254;2021;Europa;4367;1441;1852;5;412;Hatchback
Peugeot 308 III SW 1.2 PureTech;1310;2021;Europa;4636;1444;1852;5;608;Kombi
Peugeot 406 2.0 HDi;1340;1999;Europa;4598;1415;1765;4;430;Sedan
Peugeot 406 2.0 HDi;1340;1995;Europa;4555;1396;1765;4;430;Sedan
Peugeot 406 Break 2.0 HDi;1415;1996;Europa;4725;1496;1765;5;526;Kombi
Peugeot 406 Coupe 2.0 16V;1340;1997;Europa;4615;1352;1780;2;390;Coupe
Peugeot 407 2.0 HDi;1505;2004;Europa;4676;1445;1811;4;407;Sedan
Peugeot 407 2.0 HDi;1505;2004;Europa;4676;1445;1811;4;407;Sedan
Peugeot 407 SW 2.0 HDi;1560;2004;Europa;4763;1486;1811;5;448;Kombi
Peugeot 5005 I 1.6 HDi;1423;2009;Europa;4529;1639;1837;5;579;Kombi
Peugeot 508 I 2.0 HDi;1520;2010;Europa;4792;1456;1853;4;515;Sedan
Peugeot 508 I Sedan 2.0 HDi;1410;2010;Europa;4792;1456;1853;4;515;Sedan
Peugeot 508 II Fastback 1.5 BlueHDi;1420;2018;Europa;4750;1403;1859;5;487;Hatchback
Peugeot 508 II SW 1.5 BlueHDi;1430;2018;Europa;4778;1420;1859;5;530;Kombi
Peugeot 508 II SW 1.6 PureTech;1430;2018;Europa;4778;1420;1859;5;530;Kombi
Peugeot 807 2.0 HDi;1691;2002;Europa;4727;1752;1854;5;324;Kombi
Peugeot Expert I 2.0 HDi;1492;1996;Europa;4440;1940;1844;4;850;Kombi
Peugeot Partner I 2.0 HDi;1311;1999;Europa;4137;1810;1724;5;624;Kombi
Peugeot Partner I FL 1.6 HDi;1245;2002;Europa;4137;1819;1724;5;624;Kombi
Peugeot Rifter Standard 1.2 PureTech;1362;2018;Europa;4403;1874;1848;5;597;Kombi
Porsche 718 Cayman 2.0 T;1365;2016;Europa;4379;1295;1801;2;150;Coupe
Porsche 911 (992) Carrera S;1515;2019;Europa;4519;1300;1852;2;132;Coupe
Porsche 911 Carrera S (992);1515;2019;Europa;4519;1300;1852;2;132;Coupe
Porsche Cayenne I S 4.5 V8;2245;2002;Europa;4782;1699;1928;5;540;SUV
Porsche Cayenne III Coupe E-Hybrid;2360;2019;Europa;4931;1676;1983;5;500;SUV
Porsche Macan II 2.0T;1795;2014;Europa;4696;1624;1923;5;488;SUV
Porsche Macan II GTS;1960;2021;Europa;4726;1596;1927;5;458;SUV
Porsche Panamera II Turbo S;2080;2020;Europa;5049;1427;1937;5;495;Hatchback
Porsche Taycan 4S;2140;2019;Europa;4963;1379;1966;4;407;Sedan
Porsche Taycan 4S (79 kWh);2140;2019;Europa;4963;1379;1966;4;407;Sedan
RAM 1500 V 5.7 V8 HEMI Crew Cab;2370;2018;USA;5916;1971;2084;4;1521;SUV
Range Rover V 4.4 P530 LWB;2585;2022;Europa;5252;1870;2047;5;725;SUV
Range Rover V L460 P400;2454;2021;Europa;5052;1870;2047;5;725;SUV
Range Rover Velar D300;1954;2017;Europa;4797;1665;1930;5;558;SUV
Renault Avantime 2.0 Turbo;1641;2001;Europa;4642;1627;1826;3;530;Coupe
Renault Captur I 0.9 TCe;1109;2013;Europa;4122;1566;1778;5;377;SUV
Renault Captur II 1.0 TCe;1190;2019;Europa;4227;1576;1797;5;422;SUV
Renault Captur II 1.3 TCe;1259;2019;Europa;4227;1576;1797;5;422;SUV
Renault Clio I 1.2;825;1990;Europa;3709;1395;1616;5;265;Hatchback
Renault Clio I Sedan (Symbol) 1.4;940;1999;Europa;4150;1437;1639;4;510;Sedan
Renault Clio II 1.5 dCi;960;1998;Europa;3773;1417;1639;5;255;Hatchback
Renault Clio II Sport 2.0 16V;1035;2000;Europa;3773;1417;1639;3;255;Hatchback
Renault Clio III 1.5 dCi;1110;2005;Europa;3986;1493;1707;5;288;Hatchback
Renault Clio III RS 2.0 16V;1240;2006;Europa;3991;1484;1768;3;288;Hatchback
Renault Clio IV 1.2 16V;980;2012;Europa;4062;1448;1732;5;300;Hatchback
Renault Clio V 1.0 TCe;1103;2019;Europa;4050;1440;1798;5;391;Hatchback
Renault Espace III 2.0 16V;1490;1996;Europa;4517;1690;1810;5;275;Kombi
Renault Espace IV 2.0 dCi;1735;2002;Europa;4656;1728;1860;5;291;Kombi
Renault Espace V 1.6 dCi;1659;2015;Europa;4857;1677;1888;5;680;SUV
Renault Grand Scenic II 1.9 dCi;1530;2004;Europa;4493;1636;1810;5;200;Kombi
Renault Kadjar 1.3 TCe;1333;2015;Europa;4449;1607;1836;5;472;SUV
Renault Kadjar 1.3 TCe;1362;2018;Europa;4449;1607;1836;5;472;SUV
Renault Kangoo I 1.5 dCi;1135;2001;Europa;3995;1825;1663;5;550;Kombi
Renault Kangoo I FL 1.5 dCi;1135;2003;Europa;4035;1825;1665;5;550;Kombi
Renault Kangoo II 1.5 dCi;1355;2008;Europa;4213;1819;1829;5;660;Kombi
Renault Koleos I 2.0 dCi AWD;1655;2008;Europa;4520;1695;1855;5;450;SUV
Renault Koleos II 2.0 dCi AWD;1685;2016;Europa;4672;1678;1843;5;493;SUV
Renault Laguna I 1.9 dTi;1255;1993;Europa;4510;1433;1752;5;452;Hatchback
Renault Laguna I Grandtour 1.9 dTi;1340;1995;Europa;4620;1444;1752;5;520;Kombi
Renault Laguna II 1.9 dCi;1385;2001;Europa;4576;1429;1772;5;430;Hatchback
Renault Laguna II 1.9 dCi;1380;2001;Europa;4576;1429;1772;5;430;Hatchback
Renault Laguna II Grandtour 1.9 dCi;1415;2001;Europa;4698;1443;1772;5;475;Kombi
Renault Laguna III 2.0 dCi;1492;2007;Europa;4695;1445;1811;5;450;Hatchback
Renault Megane I 1.6 16V;1075;1995;Europa;4129;1420;1698;5;348;Hatchback
Renault Megane I Classic 1.9 dTi;1160;1996;Europa;4400;1420;1699;4;510;Sedan
Renault Megane II 1.5 dCi;1195;2002;Europa;4209;1458;1777;5;330;Hatchback
Renault Megane II Grandtour 1.5 dCi;1225;2003;Europa;4500;1460;1777;5;520;Kombi
Renault Megane III 1.5 dCi;1215;2008;Europa;4295;1471;1808;5;405;Hatchback
Renault Megane III RS 2.0 Turbo;1387;2009;Europa;4299;1435;1848;3;344;Hatchback
Renault Megane IV Grandtour 1.3;1312;2016;Europa;4626;1449;1814;5;521;Kombi
Renault Megane IV Grandtour 1.3 TCe;1311;2016;Europa;4626;1449;1814;5;521;Kombi
Renault Megane IV RS 1.8 TCe;1430;2018;Europa;4364;1435;1875;5;294;Hatchback
Renault Scenic I 1.9 dTi;1290;1996;Europa;4168;1600;1719;5;410;Kombi
Renault Scenic II 1.9 dCi;1430;2003;Europa;4259;1621;1805;5;430;Kombi
Renault Scenic II 1.9 dCi;1430;2003;Europa;4259;1620;1805;5;430;Kombi
Renault Scenic III 1.5 dCi;1428;2009;Europa;4344;1637;1845;5;437;Kombi
Renault Talisman 1.6 dCi;1430;2015;Europa;4848;1463;1869;4;608;Sedan
Renault Thalia I 1.4 16V;980;1999;Europa;4150;1437;1639;4;510;Sedan
Renault Twingo I 1.2;820;1993;Europa;3433;1423;1630;3;168;Hatchback
Renault Twingo II 1.2;925;2007;Europa;3600;1470;1654;3;230;Hatchback
Renault Twingo II RS 1.6 16V;1050;2008;Europa;3607;1470;1688;3;165;Hatchback
Renault Vel Satis 2.0 Turbo;1640;2002;Europa;4860;1577;1860;5;460;Hatchback
Renault Zoe ZE 50;1502;2019;Europa;4084;1562;1730;5;338;Hatchback
Renault Zoe ZE 50;1502;2019;Europa;4084;1562;1730;5;338;Hatchback
Rolls-Royce Ghost II 6.75 V12;2490;2020;Europa;5546;1571;1978;4;507;Sedan
Saab 900 I Turbo (Krokodyl);1275;1985;Europa;4680;1420;1690;3;602;Hatchback
Saab 900 II 2.0 Turbo;1345;1993;Europa;4637;1436;1711;5;494;Hatchback
Saab 9-3 I 2.2 TiD;1410;1998;Europa;4629;1428;1711;5;494;Hatchback
Saab 9-3 II 1.9 TiD;1490;2002;Europa;4635;1466;1762;4;425;Sedan
Saab 9-3 II SportCombi 1.9 TiD;1540;2005;Europa;4654;1492;1762;5;419;Kombi
Saab 9-3 II SportSedan 1.9 TiD;1490;2002;Europa;4635;1444;1762;4;425;Sedan
Saab 9-5 I 2.3 Turbo;1570;1997;Europa;4827;1448;1792;4;494;Sedan
Seat Alhambra I 1.9 TDI;1634;1996;Europa;4617;1732;1810;5;330;Kombi
Seat Alhambra II 2.0 TDI;1723;2010;Europa;4854;1720;1904;5;809;Kombi
Seat Arosa 1.0;864;1997;Europa;3551;1460;1639;3;130;Hatchback
Seat Arosa 1.0;890;1997;Europa;3536;1460;1639;3;130;Hatchback
Seat Ateca 1.5 TSI;1270;2016;Europa;4363;1601;1841;5;510;SUV
Seat Ibiza III 1.9 TDI;1165;2002;Europa;3953;1441;1698;5;267;Hatchback
Seat Ibiza IV 1.6 TDI;1100;2008;Europa;4052;1445;1693;5;292;Hatchback
Seat Ibiza V 1.0 TSI;1109;2017;Europa;4059;1444;1780;5;355;Hatchback
Seat Leon I 1.9 TDI;1290;1999;Europa;4184;1457;1742;5;340;Hatchback
Seat Leon II 2.0 TDI;1330;2005;Europa;4315;1459;1768;5;341;Hatchback
Seat Leon IV 1.5 eTSI;1286;2020;Europa;4368;1456;1800;5;380;Hatchback
Seat Tarraco 2.0 TDI AWD;1735;2018;Europa;4735;1658;1839;5;760;SUV
Seat Toledo II 1.9 TDI;1261;1998;Europa;4439;1436;1742;4;500;Sedan
Skoda Fabia I 1.4 16V;1050;2000;Europa;3960;1451;1646;5;260;Hatchback
Skoda Fabia I 1.4 MPI;1045;1999;Europa;3960;1451;1646;5;260;Hatchback
Skoda Fabia I Combi 1.4 16V;1090;2000;Europa;4222;1452;1646;5;426;Kombi
Skoda Fabia I Hatchback 1.2 12V;1055;2002;Europa;3960;1451;1646;5;260;Hatchback
Skoda Fabia II 1.4 16V;1015;2007;Europa;3992;1498;1642;5;300;Hatchback
Skoda Fabia II Combi 1.4 16V;1075;2007;Europa;4227;1498;1642;5;480;Kombi
Skoda Fabia II Hatchback 1.2 12V;1040;2007;Europa;3992;1498;1642;5;300;Hatchback
Skoda Fabia III 1.2 TSI;1034;2014;Europa;3992;1467;1732;5;330;Hatchback
Skoda Fabia IV 1.0 TSI;1116;2021;Europa;4108;1459;1780;5;380;Hatchback
Skoda Felicia 1.3 MPI;935;1994;Europa;3855;1418;1635;5;272;Hatchback
Skoda Karoq 1.5 TSI;1303;2017;Europa;4382;1603;1841;5;521;SUV
Skoda Kodiaq I 2.0 TDI AWD;1675;2016;Europa;4697;1676;1882;5;720;SUV
Skoda Octavia I 1.9 TDI;1250;1996;Europa;4511;1429;1731;5;528;Hatchback
Skoda Octavia I Combi 1.9 TDI;1315;1998;Europa;4513;1448;1731;5;548;Kombi
Skoda Octavia I Liftback 1.9 TDI;1260;1996;Europa;4511;1429;1731;5;528;Hatchback
Skoda Octavia II Combi 1.9 TDI;1345;2004;Europa;4572;1468;1769;5;580;Kombi
Skoda Octavia II Liftback 1.9 TDI;1310;2004;Europa;4572;1462;1769;5;560;Hatchback
Skoda Octavia III Cupra/RS 2.0 TSI;1345;2013;Europa;4685;1449;1814;5;590;Hatchback
Skoda Octavia IV Combi 2.0 TDI;1390;2020;Europa;4689;1468;1829;5;640;Kombi
Skoda Octavia IV Kombi 2.0 TDI;1405;2020;Europa;4689;1468;1829;5;640;Kombi
Skoda Octavia IV Liftback 1.5 TSI;1261;2020;Europa;4689;1470;1829;5;600;Hatchback
Skoda Scala 1.0 TSI;1165;2019;Europa;4362;1471;1793;5;467;Hatchback
Skoda Superb III Combi 2.0 TDI;1515;2015;Europa;4856;1477;1864;5;660;Kombi
Skoda Superb III Kombi 2.0 TDI;1495;2015;Europa;4856;1477;1864;5;660;Kombi
Skoda Superb III Liftback 2.0 TDI;1480;2015;Europa;4861;1468;1864;5;625;Sedan
Skoda Yeti 2.0 TDI AWD;1470;2009;Europa;4223;1691;1793;5;405;SUV
Smart Roadster 0.7;790;2003;Europa;3427;1192;1615;2;59;Coupe
Subaru BRZ II 2.4;1275;2021;Azja;4265;1310;1775;2;237;Coupe
Subaru Forester I 2.0 Turbo;1420;1997;Azja;4450;1580;1735;5;406;SUV
Subaru Forester II 2.0 X;1375;2002;Azja;4450;1590;1735;5;387;SUV
Subaru Forester III 2.0D;1540;2008;Azja;4560;1700;1780;5;450;SUV
Subaru Impreza WRX STI (GD);1470;2001;Azja;4415;1440;1740;4;356;Sedan
Subaru Justy III 1.3 AWD;1010;2003;Azja;3770;1605;1605;5;236;Hatchback
Subaru Legacy IV 2.0D;1515;2003;Azja;4665;1425;1730;4;433;Sedan
Subaru Legacy V 2.0i;1420;2009;Azja;4730;1505;1780;4;480;Sedan
Subaru Levorg I 1.6 DIT AWD;1531;2014;Azja;4690;1485;1780;5;522;Kombi
Subaru Outback VI 2.5i;1641;2019;Azja;4870;1675;1875;5;561;Kombi
Subaru Outback VI 2.5i;1641;2020;Azja;4870;1675;1875;5;522;Kombi
Subaru WRX STI IV 2.5;1500;2014;Azja;4595;1475;1795;4;460;Sedan
Suzuki Grand Vitara I 2.0 TD;1375;1998;Azja;4175;1710;1780;5;287;SUV
Suzuki Grand Vitara II 1.9 DDiS;1590;2005;Azja;4470;1695;1810;5;398;SUV
Suzuki Grand Vitara II 1.9 DDiS;1590;2005;Azja;4470;1695;1810;5;398;SUV
Suzuki Ignis II 1.3;955;2003;Azja;3770;1605;1630;5;236;SUV
Suzuki Jimny III 1.3 16V;1060;1998;Azja;3625;1705;1600;3;113;SUV
Suzuki Splash 1.2;990;2008;Azja;3715;1590;1680;5;178;Hatchback
Suzuki Swace 1.8 Hybrid;1400;2020;Azja;4655;1460;1790;5;596;Kombi
Suzuki Swift III 1.3 16V;980;2005;Azja;3695;1500;1690;5;213;Hatchback
Suzuki Swift IV 1.2 VVT;940;2010;Azja;3850;1510;1695;5;211;Hatchback
Suzuki Swift Sport V 1.4 BoosterJet;975;2017;Azja;3890;1495;1735;5;265;Hatchback
Suzuki Swift VI 1.2 DualJet;875;2017;Azja;3840;1495;1735;5;265;Hatchback
Suzuki Swift VI 1.2 DualJet;875;2017;Azja;3840;1495;1735;5;265;Hatchback
Suzuki SX4 I 1.9 DDiS AWD;1350;2006;Azja;4140;1620;1755;5;270;SUV
Suzuki Vitara I 1.6 16V;1110;1988;Azja;3632;1665;1630;3;202;SUV
Suzuki Vitara II 1.4 BoosterJet;1120;2015;Azja;4175;1610;1775;5;375;SUV
Suzuki Vitara II 1.4 BoosterJet;1120;2015;Azja;4175;1610;1775;5;375;SUV
Suzuki Vitara II Facelift 1.4 BoosterJet;1165;2018;Azja;4175;1610;1775;5;375;SUV
Suzuki Wagon R+ I 1.2;905;1997;Azja;3410;1705;1575;5;240;Hatchback
Suzuki Wagon R+ II 1.3 16V;975;2000;Azja;3500;1695;1620;5;300;Hatchback
Tesla Model 3 Standard Range;1611;2019;USA;4694;1443;1849;4;425;Sedan
Tesla Model 3 Standard Range Plus;1611;2017;USA;4694;1443;1849;4;542;Sedan
Tesla Model S Plaid;2162;2021;USA;4970;1445;1964;5;709;Hatchback
Tesla Model X Long Range;2459;2015;USA;5036;1684;1999;5;1050;SUV
Tesla Model Y Long Range;1979;2020;USA;4751;1624;1921;5;854;SUV
Tesla Model Y Long Range AWD;1979;2021;USA;4751;1624;1921;5;854;SUV
Toyota Auris I 1.6 VVT-i;1220;2006;Azja;4220;1515;1760;5;354;Hatchback
Toyota Auris I 2.0 D-4D;1385;2007;Azja;4220;1515;1760;5;354;Hatchback
Toyota Auris II Hatchback 1.6 Valvematic;1190;2012;Azja;4275;1460;1760;5;360;Hatchback
Toyota Avensis I 2.0 D-4D;1345;1997;Azja;4490;1425;1710;4;500;Sedan
Toyota Avensis I Liftback 2.0 TD;1305;1997;Azja;4490;1425;1710;5;510;Hatchback
Toyota Avensis II 2.0 D-4D;1440;2003;Azja;4630;1480;1760;4;520;Sedan
Toyota Aygo I 1.0;790;2005;Azja;3415;1465;1615;5;139;Hatchback
Toyota Aygo I 1.0;800;2005;Azja;3415;1465;1615;5;139;Hatchback
Toyota Aygo X 1.0 VVT-i;940;2022;Azja;3700;1525;1740;5;231;Hatchback
Toyota Camry VIII 2.5 Hybrid;1595;2017;Azja;4885;1445;1840;4;524;Sedan
Toyota Carina E 2.0 D;1225;1992;Azja;4530;1410;1695;4;545;Sedan
Toyota Carisma 1.6 16V;1185;1995;Azja;4445;1405;1710;4;460;Sedan
Toyota Celica VII 1.8 VVTi;1100;1999;Azja;4335;1305;1735;3;365;Coupe
Toyota Celica VII 1.8 VVTi;1100;1999;Azja;4335;1305;1735;3;365;Coupe
Toyota C-HR I 1.8 Hybrid;1380;2016;Azja;4360;1555;1795;5;377;SUV
Toyota Corolla E10 2.0 D;1095;1992;Azja;4270;1380;1685;4;420;Sedan
Toyota Corolla E11 2.0 D;1140;1997;Azja;4270;1385;1690;4;430;Sedan
Toyota Corolla E11 Liftback 1.4;1055;1997;Azja;4270;1385;1690;5;372;Hatchback
Toyota Corolla E12 1.4 VVT-i;1135;2001;Azja;4185;1475;1710;5;289;Hatchback
Toyota Corolla E12 Sedan 1.4 VVT-i;1145;2001;Azja;4385;1470;1710;4;437;Sedan
Toyota Corolla E15 1.6 VVT-i;1260;2006;Azja;4540;1470;1760;4;450;Sedan
Toyota Corolla E210 Hatchback 1.8 Hybrid;1360;2018;Azja;4370;1435;1790;5;361;Hatchback
Toyota Corolla E210 Kombi 1.8 Hybrid;1370;2019;Azja;4650;1435;1790;5;598;Kombi
Toyota Corolla Verso II 2.0 D-4D;1425;2004;Azja;4360;1620;1770;5;397;Kombi
Toyota Corolla XII Sedan 1.5;1225;2019;Azja;4630;1435;1780;4;471;Sedan
Toyota GR Supra 3.0;1495;2019;Azja;4379;1292;1854;2;290;Coupe
Toyota GR Supra 3.0;1495;2019;Azja;4379;1292;1854;2;290;Coupe
Toyota GR Yaris 1.6 Turbo;1280;2020;Azja;3995;1455;1805;3;141;Hatchback
Toyota Hilux VII 2.5 D-4D;1930;2005;Azja;5255;1810;1760;4;1000;SUV
Toyota Land Cruiser J120 3.0 D-4D;1925;2002;Azja;4715;1850;1875;5;620;SUV
Toyota Land Cruiser J120 3.0 D-4D;1990;2002;Azja;4715;1875;1875;5;620;SUV
Toyota Land Cruiser J150 2.8 D-4D;2125;2009;Azja;4840;1845;1885;5;621;SUV
Toyota Land Cruiser J90 3.0 TD;1790;1996;Azja;4315;1875;1820;3;450;SUV
Toyota LiteAce 2.0 D;1280;1992;Azja;4435;1935;1685;4;450;Kombi
Toyota Previa II 2.0 D-4D;1720;2000;Azja;4750;1770;1790;5;495;Kombi
Toyota Prius I 1.5 Hybrid;1225;1997;Azja;4315;1490;1695;4;390;Sedan
Toyota Prius II 1.5 Hybrid;1300;2003;Azja;4450;1490;1725;5;408;Hatchback
Toyota Prius IV 1.8 Hybrid;1375;2015;Azja;4540;1490;1760;5;502;Hatchback
Toyota RAV4 I 2.0 16V;1210;1994;Azja;4115;1655;1695;5;409;SUV
Toyota RAV4 I 2.0 16V;1210;1994;Azja;3705;1655;1695;3;175;SUV
Toyota RAV4 II 2.0 D-4D;1375;2000;Azja;4195;1670;1735;5;410;SUV
Toyota RAV4 II 2.0 D-4D;1375;2000;Azja;4245;1705;1735;5;410;SUV
Toyota RAV4 III 2.0 D-4D;1510;2005;Azja;4395;1685;1815;5;410;SUV
Toyota RAV4 IV 2.0 D-4D;1535;2013;Azja;4570;1660;1845;5;547;SUV
Toyota RAV4 IV 2.0 D-4D;1535;2013;Azja;4570;1660;1845;5;547;SUV
Toyota RAV4 V Plug-in Hybrid;1910;2020;Azja;4600;1685;1855;5;520;SUV
Toyota Yaris Cross 1.5 Hybrid;1170;2021;Azja;4180;1595;1765;5;397;SUV
Toyota Yaris I 1.0 VVT-i;825;1999;Azja;3615;1500;1660;5;205;Hatchback
Toyota Yaris II 1.3 VVT-i;1010;2005;Azja;3750;1530;1695;5;272;Hatchback
Toyota Yaris II 1.4 D-4D;1035;2005;Azja;3750;1530;1695;5;272;Hatchback
Toyota Yaris III 1.33 Dual VVT-i;1020;2011;Azja;3885;1510;1695;5;286;Hatchback
Toyota Yaris IV 1.5 Dynamic Force;1040;2020;Europa;3940;1500;1745;5;286;Hatchback
Toyota Yaris IV 1.5 Hybrid;1050;2020;Azja;3940;1500;1745;5;286;Hatchback
Volkswagen Arteon 2.0 TDI;1569;2017;Europa;4862;1450;1871;5;563;Hatchback
Volkswagen Arteon 2.0 TSI;1557;2017;Europa;4862;1427;1871;5;563;Sedan
Volkswagen Bora 1.9 TDI;1280;1998;Europa;4376;1446;1735;4;455;Sedan
Volkswagen Caddy III 1.9 TDI;1450;2004;Europa;4405;1833;1802;5;560;Kombi
Volkswagen Caddy V Cargo 2.0 TDI;1515;2020;Europa;4500;1856;1855;5;760;Kombi
Volkswagen Golf III GTI 2.0;1135;1991;Europa;4020;1405;1710;3;320;Hatchback
Volkswagen Golf IV 1.9 TDI;1230;1997;Europa;4149;1439;1735;5;330;Hatchback
Volkswagen Golf IV GTI 1.8 T;1245;1998;Europa;4149;1439;1735;3;330;Hatchback
Volkswagen Golf V 1.9 TDI;1272;2003;Europa;4204;1485;1759;5;350;Hatchback
Volkswagen Golf V GTI 2.0 TFSI;1328;2004;Europa;4216;1466;1759;5;350;Hatchback
Volkswagen Golf VI 1.4 TSI;1215;2008;Europa;4199;1479;1779;5;350;Hatchback
Volkswagen Golf VII 1.4 TSI;1210;2012;Europa;4255;1452;1799;5;380;Hatchback
Volkswagen Golf VII R 2.0 TSI;1408;2013;Europa;4263;1436;1790;5;343;Hatchback
Volkswagen Golf VII R 2.0 TSI;1401;2013;Europa;4276;1436;1799;5;343;Hatchback
Volkswagen Golf VIII 1.5 TSI;1265;2019;Europa;4284;1456;1789;5;381;Hatchback
Volkswagen Golf VIII GTI 2.0 TSI;1389;2020;Europa;4287;1478;1789;5;374;Hatchback
Volkswagen Golf VIII Variant 1.5 TSI;1311;2020;Europa;4633;1483;1789;5;611;Kombi
Volkswagen ID.3 Pro;1719;2020;Europa;4261;1552;1809;5;385;Hatchback
Volkswagen Jetta V 1.9 TDI;1365;2005;Europa;4554;1459;1781;4;527;Sedan
Volkswagen Lupo 1.0;864;1998;Europa;3527;1460;1639;3;130;Hatchback
Volkswagen Lupo 1.0;890;1998;Europa;3527;1460;1639;3;130;Hatchback
Volkswagen Lupo 3L 1.2 TDI;830;1999;Europa;3529;1460;1639;3;130;Hatchback
Volkswagen Multivan T4 2.5 TDI;1885;1990;Europa;4789;1940;1840;4;540;Kombi
Volkswagen New Beetle 1.9 TDI;1230;1998;Europa;4081;1498;1724;3;214;Hatchback
Volkswagen Passat B4 Kombi 1.9 TDI;1360;1993;Europa;4595;1485;1720;5;495;Kombi
Volkswagen Passat B5 FL 1.9 TDI;1360;2000;Europa;4703;1462;1746;4;475;Sedan
Volkswagen Passat B5 Kombi 1.9 TDI;1410;1997;Europa;4669;1496;1740;5;495;Kombi
Volkswagen Passat B6 2.0 TDI;1457;2005;Europa;4765;1472;1820;4;565;Sedan
Volkswagen Passat B7 2.0 TDI;1461;2010;Europa;4769;1474;1820;4;565;Sedan
Volkswagen Passat B8 Kombi 2.0 TDI;1500;2014;Europa;4767;1477;1832;5;650;Kombi
Volkswagen Passat B8 Variant 2.0 TDI;1504;2014;Europa;4767;1477;1832;5;650;Kombi
Volkswagen Polo GTI VI 2.0 TSI;1280;2017;Europa;4053;1438;1751;5;305;Hatchback
Volkswagen Polo III Classic 1.9 TDI;1110;1995;Europa;4140;1420;1640;4;455;Sedan
Volkswagen Polo VI 1.0 TSI;1105;2017;Europa;4053;1461;1751;5;351;Hatchback
Volkswagen Sharan II 2.0 TDI;1772;2010;Europa;4854;1720;1904;5;885;Kombi
Volkswagen Tiguan II 2.0 TDI;1573;2016;Europa;4486;1632;1839;5;615;SUV
Volkswagen Tiguan II 2.0 TDI;1540;2016;Europa;4486;1632;1839;5;615;SUV
Volkswagen Touareg I 3.0 TDI;2246;2002;Europa;4754;1726;1928;5;555;SUV
Volkswagen Touareg III 3.0 TDI;1995;2018;Europa;4878;1717;1984;5;810;SUV
Volkswagen Touran I 1.9 TDI;1498;2003;Europa;4391;1652;1794;5;695;Kombi
Volkswagen Touran I 1.9 TDI;1498;2003;Europa;4391;1652;1794;5;695;Kombi
Volkswagen Transporter T4 2.5 TDI;1754;1990;Europa;4707;1940;1840;4;540;Kombi
Volkswagen Transporter T5 1.9 TDI;1913;2003;Europa;4892;1990;1904;4;600;Kombi
Volkswagen T-Roc 1.5 TSI;1255;2017;Europa;4234;1573;1819;5;445;SUV
Volvo 740 2.4 TD;1380;1984;Europa;4785;1410;1750;4;470;Sedan
Volvo 850 2.5 TDI;1485;1995;Europa;4660;1415;1760;4;445;Sedan
Volvo 850 Kombi 2.5 20V;1460;1993;Europa;4720;1420;1760;5;420;Kombi
Volvo 850 Kombi 2.5 TDI;1530;1995;Europa;4710;1445;1760;5;420;Kombi
Volvo 850 R Kombi 2.3 Turbo;1530;1995;Europa;4720;1410;1760;5;420;Kombi
Volvo 850 Sedan 2.5 20V;1410;1991;Europa;4660;1400;1760;4;445;Sedan
Volvo S40 I 1.9 D;1300;1995;Europa;4483;1411;1717;4;415;Sedan
Volvo S60 I R 2.5 T AWD;1637;2003;Europa;4606;1431;1804;4;424;Sedan
Volvo S60 I R 2.5 Turbo AWD;1637;2003;Europa;4606;1397;1804;4;424;Sedan
Volvo S60 II D3;1514;2010;Europa;4628;1484;1865;4;380;Sedan
Volvo S60 III T4;1605;2019;Europa;4761;1431;1850;4;442;Sedan
Volvo S60 III T5;1603;2019;USA;4761;1431;1850;4;442;Sedan
Volvo S70 2.5 TDI;1470;1997;Europa;4722;1414;1761;4;470;Sedan
Volvo S90 II D4;1680;2016;Europa;4963;1443;1879;4;500;Sedan
Volvo V40 I 1.9 D;1340;1995;Europa;4483;1411;1717;5;415;Kombi
Volvo V60 I D3;1529;2010;Europa;4628;1484;1865;5;430;Kombi
Volvo V60 II D3;1690;2018;Europa;4761;1427;1850;5;529;Kombi
Volvo V60 II D3;1615;2018;Europa;4761;1427;1850;5;529;Kombi
Volvo V70 I 2.5 TDI;1510;1997;Europa;4732;1428;1761;5;420;Kombi
Volvo V70 II D5;1573;2000;Europa;4710;1490;1800;5;485;Kombi
Volvo V70 II R 2.5 T AWD;1713;2003;Europa;4710;1460;1804;5;485;Kombi
Volvo V70 II R 2.5 Turbo AWD;1713;2003;Europa;4710;1463;1804;5;485;Kombi
Volvo XC40 D4 AWD;1655;2017;Europa;4425;1652;1863;5;460;SUV
Volvo XC60 I D5;1815;2008;Europa;4628;1713;1891;5;495;SUV
Volvo XC60 I D5 AWD;1813;2008;Europa;4628;1713;1891;5;495;SUV
Volvo XC90 I D5;2043;2002;Europa;4798;1784;1898;5;613;SUV
Volvo XC90 I D5;2043;2002;Europa;4798;1784;1898;5;483;SUV
Volvo XC90 II B5 AWD;2040;2019;Europa;4950;1776;1923;5;680;SUV
Volvo XC90 II D5 AWD;2009;2015;USA;4950;1776;1923;5;721;SUV
